date,m2_yoy,m1_yoy,m2_level,m1_level
2008-01-01,18.9,20.5,417846.2,154872.6
2008-02-01,17.4,19.0,421037.8,150177.9
2008-03-01,16.2,18.0,423054.5,150867.5
2008-04-01,16.9,19.0,429313.7,151694.9
2008-05-01,18.1,17.9,436221.6,153344.8
2008-06-01,17.4,14.2,443141.0,154820.2
2008-07-01,16.4,14.0,446362.2,154992.4
2008-08-01,16.0,11.5,448846.7,156889.9
2008-09-01,15.3,9.4,452898.7,155749.0
2008-10-01,15.0,8.8,453133.3,157194.4
2008-11-01,14.8,6.8,458644.7,157826.6
2008-12-01,17.8,9.1,475166.6,166217.1
2009-01-01,18.8,6.7,496135.3,165214.3
2009-02-01,20.5,10.9,506708.1,166149.6
2009-03-01,25.5,17.0,530626.7,176541.1
2009-04-01,26.0,17.5,540481.2,178213.6
2009-05-01,25.7,18.7,548263.5,182025.6
2009-06-01,28.5,24.8,568916.2,193138.2
2009-07-01,28.4,26.4,573102.9,195889.3
2009-08-01,28.5,27.7,576699.0,200394.8
2009-09-01,29.3,29.5,585405.3,201708.1
2009-10-01,29.4,32.0,586643.3,207545.7
2009-11-01,29.7,34.6,594604.7,212493.2
2009-12-01,27.7,32.4,610224.5,221445.8
2010-01-01,26.0,39.0,625609.3,229589.0
2010-02-01,25.5,35.0,636072.3,224287.0
2010-03-01,22.5,29.9,649947.5,229397.9
2010-04-01,21.5,31.2,656561.2,233909.8
2010-05-01,21.0,29.9,663351.4,236497.9
2010-06-01,18.5,24.6,673921.7,240580.0
2010-07-01,17.6,22.9,674051.5,240664.1
2010-08-01,19.2,21.9,687506.9,244340.6
2010-09-01,19.0,20.9,696471.5,243821.9
2010-10-01,19.3,22.1,699776.7,253313.2
2010-11-01,19.5,22.1,710339.0,259420.3
2010-12-01,19.7,21.2,725851.8,266621.5
2011-01-01,17.2,13.6,733884.8,261765.0
2011-02-01,15.7,14.5,736130.9,259200.5
2011-03-01,16.6,15.0,758130.9,266255.5
2011-04-01,15.3,12.9,757384.6,266766.9
2011-05-01,15.1,12.7,763409.2,269289.6
2011-06-01,15.9,13.1,780820.8,274662.6
2011-07-01,14.7,11.6,772923.6,270545.6
2011-08-01,13.5,11.2,780852.3,273393.8
2011-09-01,13.0,8.8,787406.2,267193.2
2011-10-01,12.9,8.4,816829.2,276552.7
2011-11-01,12.7,7.8,825493.9,281416.4
2011-12-01,13.6,7.9,851590.9,289847.7
2012-01-01,12.4,3.1,855898.9,270010.4
2012-02-01,13.0,4.3,867171.4,270312.1
2012-03-01,13.4,4.4,895565.5,277998.1
2012-04-01,12.8,3.1,889604.0,274983.8
2012-05-01,13.2,3.5,900048.8,278656.3
2012-06-01,13.6,4.7,924991.2,287526.2
2012-07-01,13.9,4.6,919072.4,283090.7
2012-08-01,13.5,4.5,924894.6,285739.3
2012-09-01,14.8,7.3,943688.8,286788.2
2012-10-01,14.1,6.1,936404.3,293309.8
2012-11-01,13.9,5.5,944832.4,296883.0
2012-12-01,13.8,6.5,974148.8,308664.2
2013-01-01,15.9,15.3,992129.2,311228.6
2013-02-01,15.2,9.5,998600.8,296103.2
2013-03-01,15.7,11.9,1035858.4,310898.3
2013-04-01,16.1,11.9,1032551.9,307648.4
2013-05-01,15.8,11.3,1042169.2,310204.5
2013-06-01,14.0,9.1,1054403.7,313499.8
2013-07-01,14.5,9.7,1052212.3,310596.5
2013-08-01,14.7,9.9,1061256.4,314085.9
2013-09-01,14.2,8.9,1077379.2,312330.3
2013-10-01,14.3,8.9,1070242.2,319509.4
2013-11-01,14.2,9.4,1079257.1,324821.9
2013-12-01,13.6,9.3,1106525.0,337291.0
2014-01-01,13.2,1.2,1123521.2,314900.6
2014-02-01,13.3,6.9,1131760.8,316625.1
2014-03-01,12.1,5.4,1160687.4,327683.7
2014-04-01,13.2,5.5,1168812.7,324482.5
2014-05-01,13.4,5.7,1182294.0,327839.6
2014-06-01,14.7,8.9,1209587.2,341487.4
2014-07-01,13.5,6.7,1194249.2,331347.3
2014-08-01,12.8,5.7,1197499.1,332023.2
2014-09-01,12.9,4.8,1202051.4,327220.2
2014-10-01,12.6,3.2,1199236.3,329617.7
2014-11-01,12.3,3.2,1208606.0,335114.1
2014-12-01,12.2,3.2,1228374.8,348056.4
2015-01-01,10.8,10.6,1242710.2,348109.5
2015-02-01,12.5,5.6,1257380.5,334439.2
2015-03-01,11.6,2.9,1275332.8,337210.5
2015-04-01,10.1,3.7,1280779.1,336388.2
2015-05-01,10.8,4.7,1307357.6,343085.9
2015-06-01,11.8,4.3,1333375.4,356082.9
2015-07-01,13.3,6.6,1353210.9,353122.2
2015-08-01,13.3,9.3,1356908.0,362793.7
2015-09-01,13.1,11.4,1359824.1,364416.9
2015-10-01,13.5,14.0,1361020.7,375806.4
2015-11-01,13.7,15.7,1373956.0,387618.3
2015-12-01,13.3,15.2,1392278.1,400953.4
2016-01-01,14.0,18.6,1416319.6,412685.6
2016-02-01,13.3,17.4,1424618.7,392504.7
2016-03-01,13.4,22.1,1446198.0,411581.3
2016-04-01,12.8,22.9,1445209.6,413504.8
2016-05-01,11.8,23.7,1461695.1,424250.7
2016-06-01,11.8,24.6,1490491.8,443643.7
2016-07-01,10.2,25.4,1491558.7,442934.4
2016-08-01,11.4,25.3,1510982.9,454543.6
2016-09-01,11.5,24.7,1516360.5,454340.2
2016-10-01,11.6,23.9,1519485.4,465446.6
2016-11-01,11.4,22.7,1530432.1,475405.5
2016-12-01,11.3,21.4,1550066.7,486557.2
2017-01-01,10.7,14.5,1584194.6,472526.4
2017-02-01,10.4,21.4,1589857.0,476527.6
2017-03-01,10.1,18.8,1607939.0,488770.1
2017-04-01,9.8,18.5,1603918.8,490180.4
2017-05-01,9.1,17.0,1609740.8,496389.8
2017-06-01,9.1,15.0,1639497.0,510228.2
2017-07-01,8.9,15.3,1636341.1,510484.6
2017-08-01,8.6,14.0,1652947.3,518113.9
2017-09-01,9.0,14.0,1663666.1,517863.0
2017-10-01,8.9,13.0,1662450.0,525977.2
2017-11-01,9.1,12.7,1679156.6,535565.0
2017-12-01,8.1,11.8,1690235.3,543790.1
2018-01-01,8.6,15.0,1720814.5,543247.1
2018-02-01,8.8,8.5,1729070.1,517036.0
2018-03-01,8.2,7.1,1739859.5,523540.1
2018-04-01,8.3,7.2,1737683.7,525447.8
2018-05-01,8.3,6.0,1743063.8,526276.7
2018-06-01,8.0,6.6,1770178.4,543944.7
2018-07-01,8.5,5.1,1776196.1,536624.3
2018-08-01,8.2,3.9,1788670.4,538324.6
2018-09-01,8.3,4.0,1801665.6,538574.1
2018-10-01,8.0,2.7,1795561.6,540128.4
2018-11-01,8.0,1.5,1813175.1,543498.7
2018-12-01,8.1,1.5,1826744.2,551685.9
2019-01-01,8.4,0.4,1865935.3,545638.5
2019-02-01,8.0,1.6,1867427.4,527190.5
2019-03-01,8.6,4.6,1889412.1,547575.5
2019-04-01,8.5,2.9,1884670.3,540614.6
2019-05-01,8.5,3.4,1891153.7,544355.6
2019-06-01,8.5,4.4,1921360.2,567696.2
2019-07-01,8.1,3.1,1919410.8,553043.1
2019-08-01,8.2,3.4,1935492.4,556798.1
2019-09-01,8.4,3.4,1952250.5,557138.0
2019-10-01,8.4,3.3,1945600.6,558143.9
2019-11-01,8.2,3.5,1961429.6,562486.5
2019-12-01,8.7,4.4,1986488.8,576009.2
2020-01-01,8.4,0.0,2023066.5,545531.8
2020-02-01,8.8,4.8,2030830.4,552700.7
2020-03-01,10.1,5.0,2080923.4,575050.3
2020-04-01,11.1,5.5,2093533.8,570150.5
2020-05-01,11.1,6.8,2100183.7,581111.1
2020-06-01,11.1,6.5,2134948.7,604318.0
2020-07-01,10.7,6.9,2125458.5,591192.6
2020-08-01,10.4,8.0,2136836.9,601289.1
2020-09-01,10.9,8.1,2164084.8,602312.1
2020-10-01,10.5,9.1,2149720.4,609182.4
2020-11-01,10.7,10.0,2172002.6,618632.2
2020-12-01,10.1,8.6,2186795.9,625581.0
2021-01-01,9.4,14.7,2213047.3,625563.8
2021-02-01,10.1,7.4,2236030.3,593487.5
2021-03-01,9.4,7.1,2276488.4,616113.2
2021-04-01,8.1,6.2,2262107.1,605421.9
2021-05-01,8.3,6.1,2275538.1,616828.3
2021-06-01,8.6,5.5,2317788.4,637479.4
2021-07-01,8.3,4.9,2302153.8,620367.0
2021-08-01,8.2,4.2,2312267.7,626658.7
2021-09-01,8.3,3.7,2342829.7,624645.7
2021-10-01,8.7,2.8,2336160.5,626082.1
2021-11-01,8.5,3.0,2356012.8,637482.0
2021-12-01,9.0,3.5,2382899.6,647443.4
2022-01-01,9.8,-1.9,2431022.7,613859.4
2022-02-01,9.2,4.7,2441488.9,621612.1
2022-03-01,9.7,4.7,2497688.3,645063.8
2022-04-01,10.5,5.1,2499710.9,636139.0
2022-05-01,11.1,4.6,2527026.2,645107.5
2022-06-01,11.4,5.8,2581451.2,674374.8
2022-07-01,12.0,6.7,2578078.6,661832.3
2022-08-01,12.2,6.1,2595068.3,664604.8
2022-09-01,12.1,6.4,2626600.9,664535.2
2022-10-01,11.8,5.8,2612914.6,662141.0
2022-11-01,12.4,4.6,2647008.5,667042.6
2022-12-01,11.8,3.7,2664320.8,671674.8
2023-01-01,12.6,6.7,2738072.1,655214.2
2023-02-01,12.9,5.8,2755249.2,657938.7
2023-03-01,12.7,5.1,2814566.3,678059.6
2023-04-01,12.4,5.3,2808469.3,669761.6
2023-05-01,11.6,4.7,2820504.7,675253.0
2023-06-01,11.3,3.1,2873023.8,695595.5
2023-07-01,10.7,2.3,2854031.6,677218.9
2023-08-01,10.6,2.2,2869343.2,679588.4
2023-09-01,10.3,2.1,2896659.1,678443.6
2023-10-01,10.3,1.9,2882276.1,674696.1
2023-11-01,10.0,1.3,2912014.2,675903.4
2023-12-01,9.7,1.3,2922713.3,680542.5
2024-01-01,8.7,5.9,2976250.2,1120120.0
2024-02-01,8.7,1.2,2995573.0,1093158.0
2024-03-01,8.3,1.1,3047952.2,1117433.0
2024-04-01,7.2,-1.4,3011942.0,1075084.0
2024-05-01,7.0,-4.2,3018506.7,1064391.0
2024-06-01,6.2,-5.0,3050161.5,1089170.0
2024-07-01,6.3,-6.6,3033060.8,1051800.0
2024-08-01,6.3,-7.3,3050461.3,1049684.0
2024-09-01,6.8,-7.4,3094798.2,1055410.0
2024-10-01,7.5,-6.1,3097092.0,1054884.0
2024-11-01,7.1,-3.7,3119587.3,1076379.0
2024-12-01,7.3,-1.4,3135322.3,1113069.0
2025-01-01,7.0,0.4,3185247.2,1124457.4
2025-02-01,7.0,0.1,3205173.2,1094370.0
2025-03-01,7.0,1.6,3260554.6,1134863.1
2025-04-01,8.0,1.5,3251739.3,1091407.3
2025-05-01,7.9,2.3,3257838.1,1089147.6
2025-06-01,8.3,4.6,3302868.2,1139494.1
2025-07-01,8.8,5.6,3299429.1,1110586.9
2025-08-01,8.8,6.0,3319831.4,1112255.7
2025-09-01,8.4,7.2,3353771.0,1131455.1
2025-10-01,8.2,6.2,3351312.3,1119962.7
2025-11-01,8.0,4.9,3369890.5,1128866.6
2025-12-01,8.5,3.8,3402948.1,1155146.5
2026-01-01,9.0,4.9,3471860.4,1179680.5
2026-02-01,9.0,5.9,3492159.9,1159258.8
2026-03-01,8.5,5.1,3538636.5,1193203.0
2026-04-01,8.6,5.0,3530425.2,1145833.7
2026-05-01,8.6,5.5,3536688.9,1148891.4
